{"assets/fonts/Roboto-Bold.ttf":["assets/fonts/Roboto-Bold.ttf"],"assets/fonts/Roboto-Light.ttf":["assets/fonts/Roboto-Light.ttf"],"assets/fonts/Roboto-Medium.ttf":["assets/fonts/Roboto-Medium.ttf"],"assets/fonts/Roboto-Regular.ttf":["assets/fonts/Roboto-Regular.ttf"],"assets/fonts/Roboto-Thin.ttf":["assets/fonts/Roboto-Thin.ttf"],"assets/images/app_name11.png":["assets/images/app_name11.png"],"assets/images/appname_1.png":["assets/images/appname_1.png"],"assets/images/error_msg.png":["assets/images/error_msg.png"],"assets/images/error_msg2.png":["assets/images/error_msg2.png"],"assets/images/icon_error.png":["assets/images/icon_error.png"],"assets/images/icon_ok.png":["assets/images/icon_ok.png"],"assets/images/icon_profile2.png":["assets/images/icon_profile2.png"],"assets/images/logo_apesaam.png":["assets/images/logo_apesaam.png"],"assets/images/logo_facing.png":["assets/images/logo_facing.png"],"assets/images/logo_uaslp.png":["assets/images/logo_uaslp.png"],"assets/images/logos_asoci.png":["assets/images/logos_asoci.png"],"assets/images/logos_institucion.png":["assets/images/logos_institucion.png"],"packages/cupertino_icons/assets/CupertinoIcons.ttf":["packages/cupertino_icons/assets/CupertinoIcons.ttf"]}